%"wig20"	"acp"	"bio"	"bre"	"bzw"	"cez"	"cps"	"gtn"	"gtc"	"kgh"	"lts"	"pbg"	"peo"	"pkn"	"pko"	"pxm"	"tps"	"tvn"
2547.52	56.9	0.22	282	218	143.9	14.78	10.92	23.4	110.5	33	237	168.8	39.11	42.7	4.84	16.05	18.99
2534.41	56.7	0.23	277.2	214	143.8	14.72	10.85	23.9	111	32.41	231.3	168.1	38.11	42.19	4.94	16.2	19
2486.53	56.5	0.22	271	214	142.1	14.6	10.5	23.6	110	32	231.4	165.1	36.9	40.26	4.75	16.11	18.67
2535.67	56.9	0.23	277.2	215.8	142.9	14.8	10.76	23.9	112.5	32.95	235	169	37.99	41.05	4.89	16.44	18.8
2577.26	57.2	0.23	286.7	216.9	140.8	14.96	10.99	24	115.4	32.75	234	175.8	38.03	41.75	4.99	16.57	19.31
2514.63	57	0.22	274.2	215	140	14.61	10.75	23.36	111.1	31.25	220	170.6	37.05	40.9	4.8	16.55	18.35
2483.68	56.05	0.21	265.3	210.9	138.1	14.5	10.55	23.25	109.1	30.65	218	167.6	36.96	40.9	4.86	16.35	17.85
2545.99	57.55	0.22	276	215	137.8	14.81	10.95	23.75	112	31.9	218.5	173.5	38.2	42.1	4.95	16.59	18.08
2569.41	56.4	0.22	280.6	216	139	15	11.07	23.2	115.4	32.09	220	177.3	37.9	43.3	4.95	16.32	18
2534.38	56.2	0.22	275	214.2	140	14.31	10.93	23	113.2	31.85	220	173.5	37.15	42.51	4.95	16.35	17.32
2594.83	59.65	0.22	287	220	141.8	15	11.06	24	113.2	33	228	178	38.5	43.6	5.1	16.67	18.3
2601.01	59.35	0.22	293.7	219.9	140.4	15.02	11.09	24.35	115.7	32.75	220	177	38.47	43.89	5.07	16.66	18
2604.76	58.9	0.23	294	220.9	139.1	15.02	11.22	24.5	116.1	33	219.9	178.8	38.3	43.52	5.05	16.66	17.88
2587.69	59.3	0.22	289.7	218.5	139.7	15.01	11.17	24.9	116	33	219.5	176	37.9	42.59	4.99	16.67	17.8
2578.66	59.3	0.23	285	215	140	15.15	11.07	24.75	116	33.25	219	172.9	37.96	42.4	4.97	16.66	17.9
2553.58	59.3	0.22	279.7	216.7	140.1	15.1	11.03	24.75	111	32.3	216	172.2	37.94	41.94	4.98	16.64	18.04
2522.36	58.7	0.23	266.2	212	138.5	15.1	11	24.45	107.2	31.49	215.5	170	37.62	41.8	4.94	16.45	18.09
2561.5	59.8	0.22	273	215.7	139	15.63	11.14	24.57	109.5	31.55	216	172.9	38.64	42.5	5.04	16.45	18.65
2575.36	59	0.22	275	216.5	136.1	15.76	11.37	24.95	110.6	31.4	216	173	39.4	42.5	5.24	16.5	18.25
2552.5	57.6	0.23	270.9	216.9	134.8	15.71	10.96	25	109.5	30.29	216	170.3	38.9	41.9	5.29	16.66	18.14
2495.6	56.8	0.23	259.9	205.9	135.8	15.6	10.75	24.8	107.3	29.5	215.5	166	38.8	39.95	5.1	16.21	18
2506.24	56.2	0.23	265	198	140	15.6	10.77	24.78	106.9	30	215.5	167.7	39.05	39.98	5.05	16.66	18.4
2485.35	56	0.23	266.9	194.5	138.5	15.7	10.69	24	105.6	29.85	215	166	38.6	39.6	5.03	16.71	18.2
2495.65	56.6	0.24	263.9	199	139.9	15.85	10.72	23.7	105.5	30.15	215	167.3	38.7	40.09	4.94	16.7	18.55
2495.13	56.3	0.24	259.9	195	135.5	16	10.5	22.78	104.5	29.98	215.4	170.5	39.6	40.14	4.72	16.7	18.3
2445.32	56.05	0.22	252	191	134.4	15.79	10.43	23.44	102.2	28.81	217.6	166	38.7	38.9	4.65	16.54	17.05
2456.24	56.1	0.22	253	190.5	137.9	15.63	10.38	23.2	103.4	29.51	216.9	165.5	38.39	39.4	4.67	16.69	17.01
2437.59	55.85	0.22	251	189.5	137.8	15.23	10	23	102.1	29.5	215	167	38.25	38.85	4.65	16.32	17.2
2441.39	56.6	0.23	246	183.1	138.9	15.57	9.85	22.6	102	29.75	211	166	37.9	39.8	4.62	16.66	16.55
2445.4	57.65	0.24	246	185	136.6	15.57	10	23.48	102.6	29.54	211	166.5	37.91	39.65	4.64	16.23	16.36
2465.98	57.75	0.24	246	188	139.1	15.49	10.16	23.46	103	29.25	215	170.8	38.1	39.6	4.65	16.45	16.2
2445.34	57.5	0.26	239.4	188	139.5	15.4	10.17	23.3	103.1	28.89	211.4	170.2	36.7	39.07	4.65	16.15	16.65
2392.78	57	0.24	235.6	185.1	135.5	14.84	9.88	23	100.1	28.28	206.5	167	35.57	38.2	4.61	16.07	16.4
2415.82	57.3	0.24	238	188.4	139.8	15.04	10	22.6	102	28.69	210.5	169.5	35.78	38.11	4.68	16.23	16.66
2403.05	56.65	0.22	234.5	186	136	14.85	9.87	22.41	102.4	28.7	209.2	169.7	35.41	37.8	4.65	16.16	16.7
2412.18	57.45	0.21	237.8	186	136.5	15.09	9.85	22.6	103	28.5	208.5	169	35.8	38.15	4.68	16.3	16.75
2393.88	57	0.2	235	183.5	133.1	14.85	9.69	22.35	101.6	28.3	205	168.5	35.6	38.15	4.58	16.25	17
2406.55	57.25	0.21	238.9	182.5	133.5	14.97	9.8	22.89	102	28.68	206	170	35.8	38.3	4.58	16.29	16.98
2389.37	56.75	0.21	236.9	181.4	134	14.98	9.95	23.09	101.5	28.47	209.3	167.5	35.35	38	4.53	16	16.9
2361.62	55.5	0.21	233.8	180	132.6	14.9	9.65	23	100.1	28	205.4	165.5	34.6	38	4.47	15.79	16.72
2357.54	55.95	0.19	237	182	135	14.95	9.65	23.3	101	28.35	207.8	164	34.5	37.7	4.46	15.4	16.85
2347.58	55.5	0.19	228.7	180	133.9	15	9.7	22.88	99.8	28.3	206.5	164	34.4	37.74	4.49	15.44	16.95
2288.85	55.55	0.19	223.3	174.4	133.4	14.53	9.25	21.5	98.3	27.51	199.5	159	33.29	37.2	4.22	15.29	15.9
2265.01	55.45	0.18	231.2	175	130	14.4	9.03	20.81	96.4	27.3	196.1	157.4	32.74	36.76	4.21	15.48	15.22
2198.36	54.2	0.19	220.1	168.1	130.6	13.74	8.75	20.25	92.1	25.58	194	153	31.82	35.47	4.02	15.15	15.02
2233.08	52.35	0.18	227.5	175	132.8	14.04	9	21.29	94	26.55	197.7	155.1	31.45	36.11	4.07	15.55	15.11
2240.28	52.9	0.18	228.1	172.5	133	13.88	8.93	20.98	94.6	27	192	156.4	31.68	36.33	4.07	15.75	15.12
2267.3	54.85	0.18	234.6	172	134.5	13.8	9	21.29	96.6	27.2	196	156	32.65	37.1	4.11	15.37	15.2
2249.48	55	0.18	237	169.5	136.8	13.95	8.94	21.75	96	27.02	197.2	153	31.9	36.9	4.12	15.07	15.38
2250.77	55.5	0.17	241	171.2	136.8	13.99	9.05	21.49	94.75	27.31	197.1	156	31.5	37.06	4.1	15.19	15.3
2281.92	56	0.18	248.8	177.7	134.4	13.5	9.03	21.54	95	27.35	197.8	159.8	32.35	38.19	4.13	15.22	14.82
2239.53	55.5	0.17	242.3	173.2	133.6	13.41	8.92	21.18	92.05	25.97	194.4	156.3	31.9	37.57	4.15	15.12	14.4
2259.19	55.6	0.18	237.9	175.6	134.4	13.74	9.06	21.04	91.7	26.07	197	159.5	31.76	38.15	4.16	15.7	14.01
2216.71	56.55	0.19	235.3	174.2	133	14	9.1	20.99	90.4	26.1	198.9	152.5	31.28	36.3	4.15	15.49	14.02
2173.25	55.25	0.18	229	170	134	13.8	8.92	20.3	88.75	25.52	197.8	148.3	31.05	35.22	4.13	15.45	13.5
2215.15	55.9	0.19	235.4	172.1	135.6	14.09	8.98	21.26	90	25.95	201	152.3	32.4	36.1	4.18	15.13	13.69
2205.27	57	0.19	232.5	170	136.9	14.02	8.9	21.13	90	26.1	198.5	152.5	31.7	35.75	4.26	15	13.63
2189.35	56.75	0.19	231	168.1	136.3	14.3	8.8	21.5	88	25.95	198.2	152.1	31.35	35.17	4.29	15.01	13.55
2195.65	56.75	0.2	231.1	168.1	137	14.09	8.87	21.76	86.5	25.96	199	155.1	31.5	35.06	4.33	15.15	13.5
2285.94	59	0.2	243.1	175	135.6	14.3	9	22.8	92	26.7	203	162.5	32.8	37.3	4.27	14.28	13.65
2383.95	59.9	0.2	256	184.5	142	14.75	9.3	23.27	98.65	28	209	167	34.55	39.39	4.41	15.97	13.9
2374.35	59	0.21	254.1	180.2	140.8	14.9	9.05	23.25	100	28.1	209.1	168	34.2	39	4.4	15.85	14
2363.18	60	0.2	253.3	176.6	142.8	15.07	9.05	23.5	97	27.66	212.9	169	33.43	39	4.35	16.05	13.76
2382.64	60.5	0.2	258.4	178.5	143	15.09	9.2	24	97	28.05	214.1	171	33.75	39.25	4.28	16.25	14
2362.93	59.7	0.2	259.9	179.9	142.8	15.05	9.27	23.74	96.05	28	212	166.5	33.25	39.43	4.2	16.1	13.99
2373.41	59.75	0.21	263.5	180	141.4	15.05	9.4	24.1	98.05	27.87	215	166	33.6	39.4	4.09	16.1	14.05
2388.64	60	0.2	266.9	180	144	15.15	9.24	24.6	100	28.05	214.8	166	34.1	39.4	4.14	16.07	14.3
2417.87	59.7	0.21	267	183.5	141.2	15.1	9.17	23.75	103	28.87	214	170	34.6	40.25	4.18	16.16	13.99
2407.78	59.6	0.2	268.7	184	140.4	15.15	8.91	23.99	102.3	29.4	215	172	34.5	39.75	4.19	16.05	13.85
2470.51	60.2	0.21	281	189	143.1	15.5	9.1	24.65	104.3	31.1	218.8	179.3	35.93	40.45	4.2	16.19	14.05
2489.45	60.4	0.22	290	191.9	144	15.24	9.15	25.19	106.1	32.07	219	179	36	40.3	4.3	16.39	14.31
2489.42	60.2	0.21	289.4	192.9	146	15.67	8.89	24.9	107.4	32.18	219	179.5	35.79	40	4.36	16.18	14.45
2465.3	60.65	0.21	285.5	190	144.1	15.36	8.8	24.41	109	32.02	216	176	35.75	38.9	4.24	16.13	14.4
2442.38	59.25	0.23	282	188	140	15.5	8.74	24.6	106.7	31.84	212	175	35.1	38.58	4.16	16.22	14.28
2451.98	59.2	0.23	282	190.6	143	15.21	8.85	24.59	106.1	31.89	211.3	175.5	35.68	38.7	4.19	16.39	14.35
2458.05	59	0.23	282	189.5	140.3	15.1	8.84	25.06	106.1	31.75	211.9	176	35.79	38.7	4.19	16.85	14.59
2448.71	58.8	0.22	276.1	184.2	140.3	15.1	8.9	25.3	106.7	31.89	210.4	174.5	35.98	38.6	4.13	16.54	14.63
2473.5	60.3	0.23	279	190.9	141.8	15.6	8.95	25.3	107.2	33	211	175	36.75	38.9	4.16	16.59	14.63
2440.42	60.15	0.23	273.2	184	141.5	14.8	8.82	25.2	104.5	32.5	210.2	171.9	36.25	38.65	4.12	16.58	14.53
2436.4	61.25	0.23	274.2	184.1	140.8	14.4	8.77	24.8	104.1	32.9	209.8	170.1	36.75	38.55	4.09	16.38	14.7
2472.83	63	0.23	280	187.4	141.1	14.07	8.95	25.6	109	33.5	208.6	170.9	36.8	38.74	4.09	16.59	15.28
2462.3	63.1	0.22	278	189	140.8	14.07	8.94	25.99	106.4	33.3	209.7	171.2	36.7	38.55	4	16.4	15.31
2444.58	63.15	0.23	271.4	188.5	137.7	13.85	8.95	26.28	108.5	32.95	209.8	168.5	35.4	38.68	4	16.01	14.9
2388.72	62.95	0.23	260	190	134	13.6	8.86	25.65	106	31.8	203.2	161.7	33.95	38	3.97	15.87	14.29
2396.44	63.4	0.23	261.5	192	135.6	13.56	8.95	25.99	106.7	31.95	208.5	162.9	33.95	37.5	3.95	15.87	14.29
2414.85	63.45	0.23	256	198	137.7	13.55	8.95	25.95	107.8	32.75	209	163	34.41	38.12	3.95	16	14.1
2405.04	63.8	0.22	253	188.6	137.5	13.87	8.98	26.34	105	32.29	209	162.1	34.1	38.85	3.81	16.16	14.01
2371.07	63	0.22	250.3	184.8	138	13.76	8.89	26	102.2	31.8	207	162	33.2	38.3	3.76	15.8	14.35
2364.9	62.35	0.22	252.4	183.1	139	13.55	8.9	25.42	102.3	31.7	208.9	162	32.15	38.5	3.79	16.02	14.39
2341.9	61.3	0.23	246.3	180.9	139.6	13.36	8.8	25.9	98.95	31.53	208.5	162.5	31.54	38.31	3.76	16	14
2322.64	60.7	0.23	246.3	178	141.2	13.3	8.78	25.47	97.8	31.36	210	162.7	31	37.91	3.68	15.85	13.75
2330.73	61.95	0.22	250	178.1	137.8	13.1	8.8	24.5	99	31.05	212	166.6	31.5	37.1	3.76	16.01	13.5
2359.88	62.2	0.22	250	178.5	135.2	13.44	8.82	24.51	101.1	31.28	213	171.9	31.9	37.28	3.72	16.32	13.55
2351.48	62.75	0.23	250	178.5	135.1	13.25	8.8	24	101.3	31.5	212.5	169.1	31.9	37.5	3.7	16.21	13.38
2352.02	62.5	0.23	252.7	177	136.5	13.4	8.8	23.95	100.5	31.68	214	168.5	31.7	37.84	3.7	16.49	13.01
2333.97	62	0.22	251.5	173	137.8	13.4	8.74	23.73	101.3	31.3	212	166.9	31.22	37.15	3.73	16.57	12.71
2314.28	60.9	0.22	248	174.9	138.2	13.45	8.55	23.55	99.5	31	212.5	162.5	31.71	36.9	3.74	16.35	12.7
2320.13	61.4	0.23	244.1	170	137.9	13.65	8.42	23.7	103.2	30.62	213.9	165.7	31.62	36.51	3.65	16.06	12.6
2374.7	62.5	0.23	245.1	175.7	134.9	13.2	8.54	23.7	107.8	31.3	215.8	173.5	31.6	37.95	3.69	16.4	12.6
2431.26	62.9	0.23	251.9	181.8	136.8	13.1	8.7	24.88	108.9	32.35	217	179	32.06	39	3.8	16.95	12.82
2448.25	62.8	0.24	253	182	138.5	13.25	8.6	25	110.7	32.5	217	182	32	39	3.83	17.15	13.04
2389.04	61	0.23	246.2	174.5	135.6	13.5	8.42	24.5	108.3	32.5	217	175.2	31.5	38.09	3.77	16.51	12.9
2392.93	59.8	0.24	242.7	173.3	136	13.9	8.4	24.75	109	32.2	217.9	176.9	31.76	38	3.83	16.2	12.74
2378.43	59.75	0.24	239	168.7	137.3	13.88	8.25	24.75	108	32.5	218	174	31.7	37.99	3.85	16.21	12.55
2352.71	57.5	0.23	230	163	136.9	13.8	8	23.8	107.8	31.94	217.3	176	31.1	37.6	3.7	16.12	12.46
2316.97	57.2	0.23	230	166	136.9	13.6	7.88	23.4	105	31.2	215.1	172	30.35	37.05	3.64	15.81	12.9
2331.34	58.45	0.23	234	169.5	133.2	13.77	7.93	23.6	106.7	30.5	215.3	172.4	30.6	36.55	3.7	16.2	13
2365.44	57.3	0.23	240.2	172.5	136.2	13.8	8.13	23.9	109	30.5	218	178.9	30.85	37.11	3.73	16	13.04
2366.25	58.5	0.23	242	171.5	136.2	13.8	8.1	23.94	107	30.01	218	180	30.51	37.99	3.79	15.9	12.82
2411.7	58.8	0.23	243.5	178	142.3	14.1	8.15	24.47	110.2	29.65	220	183.4	31.79	38.51	3.88	15.92	13.07
2347.67	58	0.24	237	173.9	140	14.28	8	23.09	107	28.69	214.9	177.4	30.8	37.01	3.75	16.02	13.07
2328.44	57.7	0.24	240.7	177	140.3	14.2	8.13	22.84	105.1	28.7	213	176.4	30.25	36.4	3.78	16.1	12.5
2370.07	57.3	0.24	248	185.2	139.8	14.07	8.28	23.7	108	28.6	214.4	179.9	30.5	37.8	3.85	16.16	12.24
2426.98	58.6	0.24	249	189.1	139	14.02	8.41	24.7	109.8	28.44	217.5	183	31.97	38.7	3.95	16.75	12.9
2429.41	58.5	0.25	253	188	139.9	14.2	8.39	24.7	109.4	28.31	217.9	184.6	31.4	39.3	3.93	16.6	13.29
2356.59	55.7	0.24	244.7	178	140.7	14	8.05	24.67	106.5	28	216	176.6	30.75	37.52	3.85	16.42	13.05
2393.6	58	0.25	245	178.1	142.4	14.05	8.07	24.1	108.5	28.22	218	182	31.5	37.37	3.87	16.94	13.67
2373.3	58.8	0.26	248	169.8	146.4	14.19	8	25.1	106.8	28.5	218.5	178	30.87	36.95	3.91	17.2	13.8
2358.84	59.25	0.25	250	167.9	147.9	14.06	8	24.81	105	28.69	219	175.8	30.7	36.9	3.9	17.18	13.65
2276.74	58	0.24	239.4	160	147	14.05	7.81	23.6	99.1	27.99	219.9	169.8	29.6	35.52	3.74	16.64	13.3
2305.84	58.85	0.25	250	162.5	148.9	14.11	8.2	24	101	27.92	220	166.8	30.1	36	3.74	17.08	14.1
2249.08	56.8	0.23	256.5	156.8	143.2	14.07	8.03	24.45	98.35	27.42	220	158.9	29.3	34.85	3.69	16.95	13.92
2193.87	55.5	0.23	259.7	151	143.8	14.05	7.82	24.5	94.8	26.7	218.8	152.5	29.09	33.5	3.66	16.5	13.87
2264.07	57.3	0.24	272	159.5	144.2	14.26	8.21	25.3	97.5	27.01	225.8	157.4	29.93	34.9	3.72	17.01	14.16
2274.72	58.5	0.23	272.5	156.5	144.6	14.05	8.34	25.34	98.9	26.6	227.1	157.3	30.5	34.7	3.76	17.1	14.5
2306.95	59	0.24	272.2	159.3	147.1	14.37	8.33	26.2	98	27.32	229.2	160.5	30.9	35.3	3.76	17.58	14.84
2273.83	58	0.24	269.9	160.3	148.9	14.37	8.37	26.17	93.5	26.97	228.3	157.3	30.77	33.88	3.73	17.78	15
2330.69	59	0.24	275	164	146	14.37	8.42	26.5	97.1	27.4	229	163	31.65	34.5	3.75	18.8	15
2381.07	57.3	0.25	283.2	169.2	146.2	14.27	8.59	27.22	101	28.12	230	169.2	32.19	35.05	3.88	19.04	14.99
2412.18	59.2	0.26	291	171.8	144.3	14.1	8.94	26.9	102	28.95	233.3	172	32.44	36	3.93	18.89	15
2368.11	58.65	0.24	284.5	163	143.4	14.44	8.9	25.9	100	27.8	228	171	32	35.5	3.92	17.98	15.09
2370.65	59.45	0.25	280.5	162.8	146	14.44	9.02	26.5	99.9	27.66	223	171	32.19	35.11	3.93	18	15.41
2348.65	60.7	0.25	277.8	162.8	143.5	14.04	9.02	25.9	98	27.7	221	170.3	32.2	35	3.92	17.43	15.45
2322.17	61.9	0.25	270.1	161.7	140.2	14.38	9.05	25.2	97.3	26.9	218.5	167	31.8	34.75	3.93	17	15.15
2272.37	62.1	0.25	268.9	160	141.1	14.2	8.9	25.1	95	25.85	215.3	163	31.1	33.2	3.88	16.45	14.69
2276.1	63	0.25	274.9	160	142.1	14.41	9.07	25.7	94.8	25.1	215.1	165	30.47	32.9	3.98	16.6	14.7
2302.54	63.65	0.25	280	160	146	14.85	9.19	25.18	93.65	24.65	214.6	171	30.5	33.2	4.01	17.22	14.77
2227.46	62.45	0.25	270	156.6	148.9	14.78	9.2	24	90.1	24.3	213	160.5	29.6	31.88	3.98	16.5	14.28
2238.51	62.2	0.25	269.9	156.6	151.3	14.4	9.2	24.11	91.4	24.3	212.6	161.2	29.95	32.1	4.01	16.52	14.4
2211.26	62.2	0.26	262.5	153.8	149	14.4	9.2	23.6	89.4	24.48	216	157	29.8	31.99	3.94	16.15	14.3
2205.42	61.8	0.26	266.3	155	149.8	14.4	9.2	23.5	87.65	24.42	214.3	155.5	30	31.95	3.96	16.21	14.46
2183.16	60.6	0.26	258.9	150.2	148	14.54	9.1	23.5	86	24.37	216.9	152	29.8	31.65	3.92	16.57	14.2
2222.27	62.1	0.27	265	155	154	14.6	9.23	24.5	87.75	24.65	220	151	30	32.61	4.05	16.95	14.49
2150.59	61.2	0.26	253	150	151	14.4	8.99	23.9	84.3	23.8	212.9	146	29.25	31.3	3.97	16.35	14.15
2144.13	61	0.26	247	151.1	142.7	14.5	9	24.01	84.55	23.7	210	148.2	29.04	31.59	3.87	15.7	14.05
2255.68	65.4	0.27	259	159	160.3	15	9.34	25.98	87.8	25.1	225.6	154	30.75	33.41	4.19	16.2	14.75
2192.37	61.8	0.26	240.1	150	153	14.88	9.1	24.1	86.4	24.49	210	152	29.75	33.55	3.9	15.8	14.15
2202.16	62.6	0.27	255	149.2	154	15	9.2	23.75	85	24.85	212.2	151	31	33.21	4	15.66	14.15
2260.61	63.6	0.27	262.2	158	150.3	15.13	9.2	24.16	86.6	25.02	215.2	157.6	31.57	34.41	4.17	16.03	14.4
2245.27	64	0.27	260.1	155.5	150.4	15.2	9.19	24.29	86.5	24.51	224	156	29.99	34.63	4.1	16	14.5
2256.39	64	0.28	265	157	149.1	15.12	9.3	24.8	88	24.06	219.7	156.9	29.4	35	4.09	16.1	14.35
2270.89	64	0.28	262.4	155.5	150	15	9.32	24.6	91	24.9	218	156.5	29.84	34.77	4.12	16.41	14.4
2246.97	65.3	0.3	263	151	148.3	14.19	9.39	24.78	90.5	24.96	219.4	153	29.2	33.8	4.11	16.37	14.75
2137.8	62	0.26	254	142.5	146	14	8.49	24	84	24.05	206.9	143	27.5	32.95	3.95	15.95	13.99
2147.28	62.4	0.27	261.4	146.5	148.8	13.9	8.55	23.88	84.6	24.48	208.9	144.4	27.35	32.4	3.98	16.15	14
2164.82	62.4	0.26	264	145.9	149.8	14.35	8.7	24.2	87	24.2	204	147.8	28.1	32.2	3.83	16.13	14.25
2145.75	61.4	0.26	257	140.4	150	14.51	8.55	24.25	86.95	23.6	208	146	27.78	31.5	3.96	16.2	14.1
2099.17	61.2	0.26	249.3	134.8	148	14.62	8.4	24	84	22.99	208.5	142	27.15	30.69	3.95	16.33	13.77
2102.53	62	0.26	248.9	137.8	150	14.98	8.43	23	83.6	23.5	206.5	143.1	27.15	30.45	4.01	16.5	13.5
2148.76	62.65	0.27	255	144.2	152	15.37	8.5	24.3	85.2	24.5	208.3	146	28.07	31.05	4.13	16.5	14
2185.22	62.95	0.27	261	144.8	152	15.6	8.6	24.9	88	24.8	208.1	146.5	29	31.5	4.1	16.9	14.49
2219.81	63.75	0.27	259	145	150	15.9	8.61	26.1	88.9	24.7	214	152	29.35	32.55	4.15	16.7	14.8
2196.93	62.5	0.27	249.6	139.1	147	15.8	8.47	25.5	88.9	24.57	205.7	150	28.84	32.3	4.15	16.92	14.6
2197.01	63	0.28	243.7	139.5	150	16.23	8.49	26.25	85.95	24.79	213.5	149.9	28.6	32.55	4.19	16.85	14.64
2117.09	60.2	0.27	234.5	131.9	150	15.8	8.14	24.54	83	24.37	208	142	27.46	32.2	4.03	16.35	13.8
2121.32	60	0.27	235	130.1	146.2	15.72	8.4	25	83	24.18	213	142	27.75	32.3	4.11	16.4	13.4
2114.17	60.5	0.27	230	125.1	150	15.3	8.4	25.07	81.8	24.08	216.5	138	27.7	33.28	4.04	16.2	13.53
2199.6	61.5	0.28	240	132.9	150	15.66	8.84	25.5	85.5	25.4	221	144.5	28.6	35.6	4.2	16.34	13.95
2212.72	62.7	0.3	250	135	150.6	15.76	8.9	25.45	85.6	25.99	222	146	29.2	35.3	4.3	16.1	14.28
2235.91	60.2	0.29	254.5	138.6	153.9	16.14	8.99	26.3	88	25.5	222.3	144.3	29.42	35.5	4.35	16.38	14.55
2214.78	59.55	0.3	248	139.8	154.8	15.8	8.95	26.3	84	25.15	222	143.1	29.32	35.5	4.33	16	14.5
2249.51	60.7	0.3	255	140.6	155	16.5	9.1	25.99	87.5	24.31	229	149.2	29.8	35	4.21	16.21	15.01
2317.07	61.4	0.31	278	145	153.6	16.48	9.78	26.4	90.5	24.89	229	159	29.48	36.1	4.37	16.5	15.98
2289.44	61.95	0.31	259.7	137.9	154	16.63	9.43	26.96	91.5	24.96	228.3	150	29.48	35.99	4.28	16.45	15.96
2234.63	61.55	0.3	243.5	131	158.5	16.9	9.19	27.1	88.95	24.78	232	141	28.59	34.99	4.16	16.4	15.9
2146.84	60	0.3	221	126.8	156.8	16.7	8.89	25.55	85.65	23.95	230.6	136	27.44	32.9	3.93	16	15.29
2081.54	59.5	0.3	211.4	123	156.9	17.1	7.83	25	82	23.5	225	132	26.99	31.8	3.69	15.83	15.1
2054.26	57.4	0.3	207.8	121.4	154.4	17.1	7.48	24.45	83.6	22.59	224	130	26.61	31.29	3.62	15.79	13.95
2030.7	57.85	0.29	203	119.7	155	17.12	7.35	24.97	82.25	22.19	221	128	26.77	30.62	3.56	15.51	14.2
2097.16	58.1	0.3	210	123	153.3	16.6	7.4	24.87	85.05	23	229	134.9	27.5	32.29	3.68	16.29	14.68
2119.79	58.8	0.3	206.5	121	156	16.8	7.4	25.1	84.9	23.5	235	136.3	28.44	32.39	3.68	16.7	14.7
2069.27	58.9	0.3	194.9	118.7	161.1	17.13	7.44	25.06	80.55	22.22	234.7	132.3	27.67	31.02	3.7	16.8	13.59
2077.36	58.3	0.29	199	121	160.2	17.75	7.57	24.98	81.5	22.54	242.9	132	28	31.5	3.76	16.25	12.87
2133.03	60.2	0.29	197	124	156.3	17.47	7.8	24.5	86.5	23.47	231.5	136.9	29.48	33.08	3.89	15.92	12.69
2116.05	59.9	0.3	198.5	124	155.4	17	7.45	24.8	88.05	23.2	225	136.6	28.75	33	3.86	15.24	12.69
2075.51	58.9	0.3	194.6	122.2	155.4	16.5	7.2	24.99	90.5	22.6	220	133.5	27.6	32	3.83	14.39	12.46
2061.92	57.8	0.3	194.5	119.5	154	16.5	7.3	25	90	22.8	222.4	133.1	27.4	31.6	3.66	14.5	12.35
2132.27	59.7	0.31	195	124.1	155.6	16.67	7.44	25.29	95.75	23.25	221.8	137.5	28.2	32.6	3.72	14.91	13.6
2158.54	59.7	0.31	199.4	129	152.4	16.8	7.48	25.69	92.9	23.44	220.5	144	28.8	33.25	3.81	15	13.72
2137.56	59.9	0.3	193	129	152.2	17.53	7.29	26	86.5	23.18	226	145.6	28.44	33.31	3.9	14.89	13.5
2140.12	59.8	0.31	192	124	152.2	17.51	7.3	26.2	85.85	23.5	233.5	145.2	28.6	33	3.9	15.1	13.39
2040.56	57.6	0.3	179.2	114	149.6	17.81	7.15	26.33	81	22.27	238	136	27.05	30.7	3.76	15.03	12.7
2033.95	57	0.31	176.4	110.6	148.6	17.78	7.25	25.55	82	22.3	240	133	26.6	30.51	3.68	15.89	12.24
2075.32	57	0.3	178	113.9	148.1	17.86	7.28	26	84	22.8	238	135.4	27.81	32	3.69	15.69	12.2
2083.95	57.4	0.31	184	116.5	146.1	18.1	7.1	26	82.75	23.17	228	140.1	28.58	31.48	3.8	15.9	12.13
2052.22	56.8	0.31	186.8	112.9	149.8	17.86	7	25.4	81.2	22.72	234.2	136.3	28.5	30.15	3.7	15.8	12.01
1994.91	56.3	0.3	176.5	111.4	146	17.65	6.65	24	77.8	22	234	133.5	27.15	29.79	3.65	15.75	11.45
2032.31	56	0.3	178	117	145.1	18	6.73	24	80	22.6	225.1	136.4	27.98	30.8	3.67	15.8	11.9
1998.39	55.9	0.3	174.7	109	148	17.95	6.51	23.65	79.9	22.64	228.9	132.5	27.1	30.3	3.64	15.5	11.8
1897.32	53.5	0.3	160	103.5	144	17.35	6.28	22.05	75.9	21.61	220	120.7	26.1	28.6	3.58	15.35	11.3
1913.86	55	0.3	171.5	104	147.2	17.35	6.33	22.89	75	21.69	218.5	121	26.65	28.34	3.6	15.8	11.45
1912.64	54.85	0.31	169	101.9	151	17.24	6.2	22.47	74.45	21.4	218.9	121	27.2	27.94	3.65	15.81	11.5
1867.3	53.5	0.31	170	99.95	145	16.5	5.95	20.8	70.9	19.78	221	119.4	26.8	27.21	3.56	16	10.65
1813.14	52	0.3	154	93	143	16.1	5.84	19.8	78.95	18.65	218	108.9	25.65	25.2	3.43	15.9	10.4
1790.44	51.85	0.31	149	87.75	144.5	16.05	5.94	20.2	78.75	18.95	220	104.9	24.5	25.25	3.38	15.61	10.53
1819.56	54	0.33	145.5	85.3	145	16.4	5.93	20.65	81.9	19.5	220	103.9	25.4	25.23	3.48	16.18	10.5
1807.39	54.2	0.31	157	85.15	145	16.45	5.97	20	78.5	19.11	215.2	108.6	24.65	25.19	3.46	15.98	10.12
1810.38	54.65	0.32	162.6	85.15	140.6	16.15	6.1	20.59	77.3	19.35	218.5	112	24.28	25.07	3.55	15.6	10
1810.97	54.8	0.3	167	86.6	137	16.1	6.05	21.1	76.25	19.51	217.5	114	24.6	25.1	3.46	15.39	10
1828.27	55.5	0.29	170.1	88	140.3	16.45	6.11	21.98	76.8	20	222	113	25.1	25.12	3.46	15.7	10
1841.04	54.2	0.28	171.5	86.7	140.4	16.05	6.11	21.8	79	19.91	218.2	113.5	25.5	25.55	3.45	15.9	9.99
1883.16	54.75	0.27	172.5	90.6	143.2	15.9	6.22	22.05	82.9	20.7	226.7	115.1	26.7	26.19	3.53	15.7	10.03
1862.36	54.45	0.26	171	90	145.9	15.35	6.3	22.05	81.5	20.2	235	114.5	26.38	25.5	3.46	15.37	10.02
1878	54.3	0.27	171	90.8	144.7	15.2	6.3	22.11	83.8	21	227.9	116.7	26.1	26.35	3.55	15.11	10.3
1858.24	55	0.27	169.9	89.1	147.4	15.2	6.39	21.7	83.5	20.5	224.6	114.6	25.77	25.25	3.56	15.11	10.34
1852.87	55	0.27	170.6	87.65	151.4	15.4	6.34	21.2	81	20.89	221.4	115.6	25.82	24.99	3.63	15.4	10.34
1864.43	55.15	0.27	173	88.5	148	15	6.34	21.01	80.3	21.29	224.8	118.2	25.81	25.45	3.65	15.45	10.12
1837.63	56	0.25	164.2	86.3	145	15.37	6.22	20.5	75.3	20.4	229	116.8	25.61	25.75	3.42	15.3	9.85
1843.2	56	0.26	174	83	147	15.25	6.29	20.11	76	20.25	225.4	116	26.5	25.75	3.4	15.19	10.6
1965.17	57.85	0.27	185.7	92.4	150	15.5	6.57	22.9	83.3	22.5	235	122.9	28.88	26.61	3.74	16.03	11.99
1927.35	56.3	0.26	179.9	92.4	149.9	15.5	6.47	22.99	81.75	21.94	229.3	118.2	28.15	26	3.69	15.84	12.07
1926.12	55.1	0.25	181.8	92.15	152	15.5	6.45	22.99	81.8	22.21	233	119.8	28.19	26	3.68	16	11.97
1978.51	56	0.25	190.5	92.05	152.6	15.58	6.52	23.5	85.7	23.2	233	119.4	30.5	26.51	3.63	16.1	12.28
2005.54	57.4	0.24	186	93.8	151.9	15.47	6.64	23.85	84.5	23.7	231.1	119.5	31.1	26.4	3.71	17.62	12.11
2041.32	57.5	0.25	195	98	154.5	15.3	6.8	24.8	87	24.25	230	123	32	26.21	3.84	17.35	12.38
2002.85	57.4	0.24	195	96.5	149.5	15	6.79	23.8	83.5	23.9	221.6	121.2	31	25.6	3.87	17.6	12.18
1959.86	56.35	0.26	179	92.5	151	15.3	6.73	22.4	78.4	22.25	231	119.5	31	24.51	3.79	17.69	11.9
1920.28	56	0.25	163.9	91.4	149.5	15.11	6.49	21.85	75.4	20.93	221.3	116.3	30.1	25.25	3.65	17.74	11.36
1962.39	57.5	0.25	165.2	92.5	147	14.95	6.53	22.05	77.4	21.61	229.3	118	31.65	26.7	3.69	17.62	11.6
1969	58.5	0.25	168	93.5	148	14.8	6.57	22.5	76.1	21.3	228	118.9	31.9	26.75	3.73	17.7	11.9
1937.89	58.5	0.25	163.5	93	151	14.71	6.36	22.21	75.3	20.91	222	114.1	31.6	26.2	3.76	17.31	12.1
1968.71	57.5	0.24	164.1	93	149	14.75	6.46	22.67	76.6	21.3	218	118.9	32.69	26.9	3.74	17.5	12.35
1916.76	56	0.23	160	91.55	149.9	14.72	6.12	21.5	74.5	20.3	215	118.5	30.5	26.95	3.6	17.35	11.79
1802.37	54.4	0.23	147	82.6	147.3	14.17	5.7	18.8	70.1	18.9	209.2	108.4	29	25	3.37	16.7	10.8
1814.29	55	0.23	147	86.1	143	14.25	5.71	18.26	69.75	18.8	210.2	111.7	28.5	25.6	3.33	17.14	10.5
1845.56	55.9	0.24	151.2	89.55	147	14.82	5.71	18.37	70.55	18.25	213	114.5	29.1	26.22	3.38	17.1	10.55
1808.68	55.9	0.22	147.6	88.15	147.5	14.99	5.65	17.21	70.5	17.44	206	113	27.7	26.14	3.26	16.59	10.47
1801.03	55.95	0.23	149.2	90.6	145	14.5	5.41	16.99	69.7	17.19	205	114.5	27.01	26.05	3.27	16.51	10.55
1814.62	56.8	0.25	154	93.75	144.4	14.22	5.62	17.31	70.2	16.89	207.3	114.4	27.29	26.12	3.36	16.65	10.41
1830.43	57.9	0.25	154	92.75	144.1	14.2	5.76	17.48	69.8	16.61	205	116.5	27.45	26.48	3.48	17	10.29
1879.35	59.05	0.25	162	98.2	146.4	15	5.94	18.05	71.9	17	206	118	28.3	27.1	3.6	17.42	10.83
1883.03	57.45	0.24	156.6	94	144	14.5	5.89	17.9	71.35	17	205.2	121.4	28.88	27.4	3.57	17.86	10.56
1846.99	54.15	0.25	155.5	93	141.3	14.94	5.84	18.1	68.9	16.84	206.7	116.9	27.72	26.97	3.62	17.8	10.58
1810.08	52	0.27	149	91.9	141.1	14.42	5.69	17.6	67	16.3	206	114	26.62	26.75	3.65	17.72	10.1
1807.35	51.95	0.26	147.5	94.15	141.8	14.11	5.76	18.09	65.45	16.38	205.1	112	26.89	27.1	3.5	17.85	9.95
1814.78	51	0.26	151.8	91.6	140	14.2	5.6	17.6	65.4	17	204.5	114.3	26.5	27.95	3.59	17.7	10.5
1865.18	51.9	0.27	157	96.5	144.8	14.61	5.84	18.2	68	17.6	208.3	118	28	28.55	3.75	17.31	10.95
1824.55	51	0.27	157	93.75	140.9	14.13	5.67	17.8	69.8	16.9	202.3	115	27	27.82	3.42	16.87	10.22
1847.06	51	0.27	159.5	91.5	138.1	14	5.61	17.8	70	16.8	204	118.3	27.6	28	3.5	17.45	10.15
1841.33	52.5	0.28	165.5	94.5	140	13.8	5.72	18	64.2	16.7	209	122	26.85	28.45	3.6	17.35	10.15
1854.31	53.95	0.29	162	95.5	140.4	13.8	5.84	18.43	62.75	16.5	210	124	27.09	28.24	3.82	17.55	10.68
1858.27	54.4	0.31	163.1	94	138.4	13.8	5.67	18.3	63.05	16.87	210	123.6	27.83	28.4	3.88	17.49	10.17
1874.53	54.25	0.32	161.7	94.7	142.5	14.01	5.54	18.99	63	17.2	212	125.6	28.1	28.3	4.07	17.95	10.07
1798.51	52.9	0.31	150.8	88.8	137.4	13.79	5.22	18	59.35	16.9	206	121	26.58	26.87	3.94	17.68	9.7
1749.82	51.75	0.3	140	83.5	134.2	13.45	5.06	18.15	58.55	16.5	209.1	114.5	26	25.99	3.8	17.49	9.3
1686.54	51	0.29	128.5	79.55	132	13.45	4.75	17	55.9	15.85	202.5	106.2	24.94	24.85	3.59	17.97	9.25
1739.79	51.9	0.3	132.8	81.5	135.7	13.9	4.88	17.6	57.4	16.13	203	110	26.01	25.4	3.68	18.9	9.5
1767.44	52.3	0.3	135	82.8	136	14.05	5.02	17.65	58.7	16.42	208.4	113.3	26.49	25.39	3.69	19.27	9.7
1712.65	49.9	0.29	131.5	81.9	131.3	13.97	4.92	17.15	55.1	16.06	201.8	107.9	25.28	24.93	3.73	18.95	9.9
1695.32	49	0.29	133	81.5	130	13.7	4.81	17.1	56	15.75	201.5	106.9	24.4	24.8	3.7	18.6	9.8
1660.91	48.5	0.28	123.5	76.4	130	13.44	4.55	16.85	53.75	15.73	201.9	99.6	24.9	24.22	3.65	18.91	9.55
1657.28	48.5	0.28	120	75.8	128.5	13.31	4.5	15.89	53.2	15.9	204.9	100.6	24.98	24.23	3.58	18.85	9.49
1698.31	48.9	0.29	123	75.5	132.1	13.4	4.6	15.9	55.8	16.4	209.2	103.8	25.7	25.55	3.72	18.92	9.92
1763.4	48.97	0.3	129.3	78	125.7	13.18	4.74	15.89	57.1	17.04	215.1	112.6	27.36	27.18	3.95	19.41	10.09
1784.55	49.85	0.3	132	79.8	128	13.45	4.82	16	58.4	17.46	218	113.5	28	27.3	4.13	19.39	10.07
1770.4	49	0.29	134	81.15	127.1	13.59	4.9	16.36	58.4	17.38	216.2	111.9	28.35	27.13	3.81	18.81	10.19
1784.94	49.05	0.29	130	84.3	132	13.72	4.97	17	56.2	17.5	222.5	115	28.6	26.45	3.8	19.6	9.94
1740.83	48	0.29	127.4	86	128.8	13.97	4.92	16.35	53	16.7	212	115	26.5	26	3.71	19.59	9.74
1653.63	46.05	0.29	118	81	131.9	14	4.63	15.56	51	15.9	205.5	104	24.85	24.2	3.52	19.35	9.05
1684.3	46.56	0.29	122	80.5	130.1	13.74	4.64	15.55	53.8	16.4	205	104.6	25.49	24.29	3.5	20.2	9.1
1668.1	45.3	0.29	124.6	80	127	13.8	4.52	15.8	53.4	16.61	205	101	26.24	23.2	3.49	19.85	9.23
1629.76	45.65	0.27	116.5	76.6	130	13.76	4.33	15.8	51	16.82	198	93.2	26.53	23.15	3.28	19.55	8.99
1523.8	44	0.22	102.4	68.6	126.3	13.68	4.04	14.8	46.45	16.4	192	83.3	24.52	21.43	2.96	19.23	8.35
1511.85	43.7	0.22	105	68.15	126.7	13.55	4.02	14.8	45.69	16.54	191	83.5	23.8	21.42	2.99	18.8	8.51
1517.45	44.5	0.22	109.7	69.9	123.1	13.08	3.97	14.78	43.8	15.78	184.3	86.6	23.59	21.28	2.96	19.4	8.85
1574.81	44.7	0.21	121.2	75.8	129.5	13.4	4.15	15.13	46.4	15.9	194.6	93	24.2	22.99	2.96	19.16	9.13
1623.91	44.65	0.22	127.7	78	128	13.25	4.16	15.2	50.4	16	194.2	97	25.29	24.15	3	19.55	9.26
1633.3	45.1	0.22	128	81.5	126.5	13.89	4.14	15.55	50	14	200.2	98	24.85	24.47	3.02	20	9.09
1552.71	44.7	0.21	124	78.7	128	13.7	3.85	14.9	50.05	12.2	200.5	91	21.85	23.35	2.88	18.96	8.96
1550.43	44.63	0.21	125	79.5	127.1	13.95	3.82	14.9	49.4	12.51	203	89.9	22.01	23.5	2.9	18.9	9.1
1506.5	44.84	0.2	120	76.9	126	13.94	3.6	14.35	46.02	12	204	86.45	21.6	22.49	2.79	18.5	8.8
1487.71	43.8	0.21	118.3	73.4	126	13.4	3.6	14.1	45.19	12.02	198.5	85.25	21.26	22.16	2.82	18.61	8.68
1452.81	44.43	0.21	115	69	121.5	13.33	3.55	14.01	42.82	11.69	202	83.4	20.99	21.62	2.75	18.01	8.78
1481.61	45.15	0.21	120.3	69.25	121.7	13.88	3.7	14.38	43.5	12.13	209	86.25	21.23	22.24	2.84	18.34	8.9
1513.7	45.7	0.22	123.9	71.9	118.2	13.87	3.75	14	44.45	12.26	205.9	90.05	21.67	22.91	2.8	19.03	8.69
1488.8	46.15	0.21	119.9	69	119.1	13.41	3.44	14.5	42.5	12.45	201	88	21.49	22.4	2.76	18.74	8.97
1494.19	46.2	0.21	111	69	116.2	12	3.26	14.5	43.1	12.4	204.6	86.85	22.02	22.25	2.78	18.82	9.26
1500.95	46.23	0.22	108.7	70	120	12.74	3.23	14.63	43.9	11.99	209.4	85.5	22.25	21.9	2.79	18.75	10.68
1481.42	46	0.21	106.2	70.95	115	13.91	3.19	14.41	44.1	11.47	209	85.5	21.93	21.7	2.78	18.02	10.44
1455.67	45.2	0.21	105.3	71	113.1	14.19	3.19	14.3	42.05	11.3	209.5	81.55	21.9	20.6	2.76	18.05	10.49
1476.46	45.5	0.22	108.5	73.5	110	14.2	3.26	14.4	43.57	11.44	207	82.9	22.25	20.91	2.86	18.1	10.76
1444.88	45	0.22	103.2	70	110.5	13.87	3.15	14.45	41.9	11.32	210	79.35	21.95	20.22	2.87	17.86	10.8
1461.22	45.35	0.21	103.5	70	113.1	14.4	3.18	14.9	41.75	11.3	210	81.7	22.38	20.65	2.93	18	10.5
1401.92	44.8	0.21	96.2	69	109	14.6	3.06	14.18	37	10.8	201.4	76.75	21.55	19.4	2.82	17.91	10.02
1380.24	45	0.21	92.7	69.2	112.8	14.07	2.89	13.21	35.2	10.66	207	75.6	21.04	19	2.7	18.15	9.34
1372.47	44.99	0.2	95.1	70.5	115.4	13.5	2.88	13.28	34.15	10.73	208.2	77.5	20.6	19.19	2.68	17.7	9.05
1392.76	45	0.21	96.5	69.5	113	13.7	2.88	13.37	35.5	11.21	207.5	76.9	21.45	19.65	2.75	17.86	8.91
1345.15	42.88	0.21	99	64.5	110.2	13.7	2.6	12.5	32.62	10.8	190.5	73.05	21.21	18.9	2.56	18.1	8.9
1361.08	43.98	0.21	93.4	65.95	113	13.68	2.61	12.67	33.25	10.29	189	74	22	18.94	2.5	18.35	8.6
1365.16	42.98	0.21	100.7	67.55	111.1	13.8	2.69	12.59	33.8	10.25	192.3	76	22	19.35	2.44	18	8.5
1383.1	43	0.22	105	69.5	114.4	13.8	2.74	12.5	33.01	10.3	190	77	21.85	20.02	2.48	18.5	8.65
1405.94	43.99	0.23	107.5	73	112	14.46	2.89	12.55	33.85	10.42	195.6	77.7	21.85	21	2.46	18.52	9.27
1337.78	40.9	0.22	97	69.9	105	14.05	2.81	12.45	33.9	9.91	182	67.85	20.75	19.82	2.35	18.1	8.97
1327.64	40	0.21	100	66.8	105.4	14.53	2.94	12.56	33	9.86	187.9	70	19.31	20.46	2.2	18	9
1435.65	41.57	0.23	115.2	73.4	109.5	14.9	3.3	12.56	34.5	10.05	191	86	20.74	23.12	2.22	18.84	9.25
1492.21	42.7	0.23	123.5	79.35	115	15.4	3.5	12.9	33.55	10.15	190	93.65	21.4	25.1	2.25	19.09	9.62
1494.41	43.2	0.22	126.5	83	108.1	15.5	3.55	12.88	32.5	9.86	192.8	94.05	21.93	24.95	2.26	18.99	9.69
1543.58	44.67	0.24	131	88	109.1	15.51	3.64	13.22	34.1	9.91	194.4	100	22.5	26.11	2.4	19.1	10.02
1584.14	44.99	0.22	133.7	91.9	110.1	15.43	3.72	13.05	36.58	10.14	199.9	104	22.95	26.75	2.48	19.3	10.73
1578.37	42.62	0.21	137	90	112	15.29	3.87	12.3	37.45	9.7	200	103.8	23	27	2.4	19.1	10.85
1531.73	43.4	0.2	128	84	110	15.3	3.77	12.68	35	9.47	208.5	99.5	22.7	25.5	2.2	18.75	10.85
1487.29	44.5	0.19	119.5	77	112.2	14.67	3.39	11.92	32.5	9.15	201	97.15	21.4	24.6	2.02	18.89	10.27
1479.86	44.16	0.19	116.3	78.1	115.8	14.25	3.3	11.75	31.5	8.6	197	97.1	20.8	24.4	2.08	19.1	10.3
1459.34	44.5	0.19	114.8	78.4	115	14.5	3.3	11.85	29.1	7.25	196.5	95	19.76	24.5	2.14	19.5	9.38
1532.55	45.38	0.2	126	83	115.9	14.79	3.35	12.42	28.98	7.25	196	104.1	21.34	26.3	2.28	19.75	11
1594.92	47	0.2	137	88	119	14.63	3.7	13.2	30.1	7.8	204	109	22.4	27.8	2.47	19.75	11.85
1611.22	47.44	0.2	139.5	87.4	121.4	14.53	3.67	13.5	30.14	8.18	206	109.4	22.1	28.99	2.55	19.95	11.95
1627.89	47.99	0.2	139.3	87.4	122.7	14.4	3.8	13.84	29.8	8.81	202	108	23	29.45	2.6	20.2	12.05
1608.43	47	0.2	135.5	84.55	117.9	14.21	3.85	13.73	29.1	9.32	200	107.1	22.58	28.53	2.57	20.4	12.3
1664.39	48	0.21	140	89.4	119.9	14.3	3.87	13.97	30.85	9.6	199	113	23.75	29.89	2.59	20.53	12.43
1611.48	46	0.2	139.5	83.5	118	14.2	3.79	13.5	27.5	9.38	192.9	107.9	23.4	28.35	2.47	20.89	12
1619.92	46	0.2	134.5	86	120.3	14.2	3.89	13.7	28.1	9.91	202	105.2	23	29.7	2.5	20.69	12
1678.77	47.48	0.21	149.7	92.85	122.4	13.95	3.9	13.94	31.29	10.52	203	110.5	24.5	29.98	2.55	21	12.44
1642.78	45.67	0.21	163.2	93.3	123	14.1	4.07	14.09	31.62	11.24	198	105	23.5	28.8	2.53	20.5	12
1644.72	45.59	0.21	160.5	93	126.2	14	4.13	14.39	31.7	11.09	197	105.2	23.6	29.6	2.6	20	12
1705.23	46.18	0.23	170.7	98	124.8	14	4.35	14.9	31.23	11.58	199.5	112	25	30.5	2.7	20.59	12.29
1684.35	46	0.22	176	99	122.2	14.11	4.25	14.6	29.8	11.49	201.3	110	24.98	29.49	2.65	20.54	12.02
1701.23	45.05	0.23	178.4	101.7	121.7	13.85	4.4	14.67	29.6	11.7	201.8	112	25.48	29.99	2.78	20.23	12.23
1766.12	46.73	0.24	193.1	106	126.9	13.95	4.55	15.6	31.12	11.96	202	118.2	26.3	32	2.86	20.3	12.58
1791.71	47.5	0.26	200	109.4	126.2	13.86	4.77	15.01	31.5	12.06	203	121.9	26.26	33	3.01	20.13	12.93
1817.37	48.7	0.26	202	111.8	126	14	4.9	15.5	32.7	12.15	211.5	123	26.5	34.33	3.05	19.87	13
1863.25	47.99	0.25	210	112	124.3	13.97	5.02	15.25	33.1	12.41	211	126.5	27.6	35.87	3.03	20.29	13.72
1887.85	48.5	0.25	215.5	114.2	126	13.99	5.25	15.5	33.19	12.25	210	130.8	26.93	37	3.03	20.5	13.94
1920.44	48.77	0.26	217.6	117	129.3	13.95	5.5	16.15	33	12.74	206.3	136.3	27.9	37.42	3.1	20.5	13.99
1877.44	47.8	0.22	207.5	116.4	125.2	14.07	5.13	15.75	30.5	12.44	205	134.9	27.08	36.55	3.08	20.48	13.89
